{"cameraMode":{"drawMode":0,"name":"Shaded","section":"Shading Mode"},"sceneLighting":true,"audioPlay":false,"sceneViewState":{"showFog":false,"showMaterialUpdate":false,"showSkybox":false,"showFlares":false,"showImageEffects":false,"showParticleSystems":true},"in2DMode":false,"pivot":{"x":30.229063034057618,"y":-11.877939224243164,"z":15.155149459838868},"rotation":{"x":-0.1532667577266693,"y":-0.5423177480697632,"z":0.10138222575187683,"w":-0.8198572993278503},"size":43.13772964477539,"orthographic":false}