{"cameraMode":{"drawMode":0,"name":"Shaded","section":"Shading Mode"},"sceneLighting":true,"audioPlay":false,"sceneViewState":{"showFog":false,"showMaterialUpdate":false,"showSkybox":false,"showFlares":false,"showImageEffects":false,"showParticleSystems":true},"in2DMode":false,"pivot":{"x":0.00507807731628418,"y":-2.4948413372039797,"z":5.0415825843811039},"rotation":{"x":0.380228191614151,"y":0.034981753677129748,"z":-0.014339026995003224,"w":0.9241833686828613},"size":2.407693386077881,"orthographic":false}