{"cameraMode":{"drawMode":0,"name":"Shaded","section":"Shading Mode"},"sceneLighting":true,"audioPlay":false,"sceneViewState":{"showFog":false,"showMaterialUpdate":false,"showSkybox":false,"showFlares":false,"showImageEffects":false,"showParticleSystems":true},"in2DMode":false,"pivot":{"x":-0.09020930528640747,"y":-1.9992737770080567,"z":5.892020225524902},"rotation":{"x":0.26328250765800478,"y":0.07834485173225403,"z":-0.021443430334329606,"w":0.9613531231880188},"size":2.0999999046325685,"orthographic":false}