{"cameraMode":{"drawMode":0,"name":"Shaded","section":"Shading Mode"},"sceneLighting":true,"audioPlay":false,"sceneViewState":{"showFog":false,"showMaterialUpdate":false,"showSkybox":false,"showFlares":false,"showImageEffects":false,"showParticleSystems":true},"in2DMode":false,"pivot":{"x":0.055575307458639148,"y":-0.4996176064014435,"z":5.322061061859131},"rotation":{"x":0.20867662131786347,"y":-0.029031971469521524,"z":0.006194123066961765,"w":0.977565586566925},"size":0.4022582769393921,"orthographic":false}