{"cameraMode":{"drawMode":0,"name":"Shaded","section":"Shading Mode"},"sceneLighting":false,"audioPlay":false,"sceneViewState":{"showFog":false,"showMaterialUpdate":false,"showSkybox":false,"showFlares":false,"showImageEffects":false,"showParticleSystems":true},"in2DMode":false,"pivot":{"x":0.7485218048095703,"y":0.6718738079071045,"z":5.64766263961792},"rotation":{"x":0.14365515112876893,"y":0.6344643831253052,"z":-0.12156181037425995,"w":0.7497369647026062},"size":1.3655407428741456,"orthographic":false}